name,step_deg,worst_ratio,jumps,jump_rate,flips,turns_median,turns_max,radius_median,verdict
20250925204843-auto_grown_20250925204843950,0.0511,265.9,215185,0.028569,10800,0.03,0.56,9335.2,REVIEW
20250925204843-auto_grown_20250925204843950,0.0981,248.5,50463,0.028722,5207,0.04,0.85,4304.5,REVIEW
20250925204843-auto_grown_20250925204843950,0.3868,208.9,1792,0.022146,772,0.1,0.88,1112.5,REVIEW
20260623170305-w122-123,0.1087,138.6,319,2.2e-05,1712,2.0,2.0,9414.9,REVIEW
20260221022814-auto_grown_20260220174252405,1.0401,130.7,25,0.000694,336,0.74,0.83,765.6,REVIEW
20260623170833-w124-125,0.1075,129.0,472,3.2e-05,4754,1.99,2.0,9536.8,REVIEW
20260623170305-w122-123,0.4349,126.5,14,1.5e-05,464,2.0,2.0,2354.5,REVIEW
20260623170833-w124-125,0.4302,117.2,16,1.7e-05,1240,1.99,2.0,2383.6,REVIEW
20250928235953-auto_grown_20250928235953722,0.1349,108.2,40658,0.002542,6370,0.12,0.96,6904.0,REVIEW
20250925161630-auto_grown_20250925161630635,0.2815,95.5,383,0.000317,1021,0.12,0.75,3337.1,REVIEW
20251115002744-auto_grown_20251115002740308_4_flatboi,0.7336,87.7,68,3.8e-05,3258,0.88,6.17,1464.5,REVIEW
20251115002744-auto_grown_20251115002740308_4_flatboi,0.7335,87.5,68,3.8e-05,3244,0.88,6.17,1464.6,REVIEW
20250926153406-w088_20250926153406704_flatboi,0.4352,85.6,63,0.000221,1054,0.64,0.73,2048.3,REVIEW
20250928235953-auto_grown_20250928235953722,0.2881,82.4,8398,0.002451,2784,0.15,0.96,3250.3,REVIEW
20251105093211-z_dbg_gen_00320,0.4827,77.6,1009,0.073494,211,0.13,0.58,637.8,REVIEW
20260602230115-20230702185753_v14,0.2613,74.0,29364,0.006602,15349,0.2,2.36,3254.8,REVIEW
20260602230115-20230702185753_v14,0.2614,71.4,29457,0.006636,15451,0.2,2.35,3253.1,REVIEW
20250928235953-auto_grown_20250928235953722,1.1189,66.0,118,0.000671,241,0.33,0.96,836.0,REVIEW
20250926165636-auto_trace_20250926165636789,0.1243,64.6,37419,0.022761,3518,0.06,0.84,4551.5,REVIEW
20250925161630-auto_grown_20250925161630635,0.1322,56.0,2675,0.000477,1980,0.08,0.75,7105.3,REVIEW
20251217233843-w1_20251217233843496,0.1712,53.3,17591,0.096349,15410,0.09,0.52,1408.0,REVIEW
20260604223808-20231210121321_v8,0.2436,53.1,25842,0.003582,16490,0.37,2.38,3457.2,REVIEW
20260604223808-20231210121321_v8,0.2437,52.5,26099,0.003622,16336,0.37,2.4,3456.7,REVIEW
20250926153406-w088_20250926153406704_flatboi,0.4358,51.1,72,0.000255,810,0.64,0.74,2024.5,REVIEW
20250925182632-auto_grown_20250925182632715,0.2152,50.7,1381,0.001077,1284,0.1,0.91,3732.5,REVIEW
20250926165636-auto_trace_20250926165636789,0.4918,50.2,1335,0.016623,470,0.13,0.84,1172.7,REVIEW
20250925182632-auto_grown_20250925182632715,0.0995,47.1,20137,0.003383,2966,0.07,0.91,7886.9,REVIEW
20251218010446-w0_20251218010446110,0.1473,47.1,21599,0.135951,10370,0.09,0.51,1334.9,REVIEW
20250926165636-auto_trace_20250926165636789,0.0619,46.4,160026,0.022534,9164,0.04,0.89,8734.3,REVIEW
20250926051122-auto_grown_20250926051122829,0.117,46.1,48344,0.003291,7825,0.08,0.86,7452.0,REVIEW
20251217234605-w2_20251217234605189,0.1344,46.0,25188,0.065858,55406,0.12,0.52,2255.3,REVIEW
20250926051122-auto_grown_20250926051122829,0.25,45.5,8725,0.002788,3128,0.1,0.86,3513.3,REVIEW
20250926203608-auto_grown_20250926203608932,0.1239,38.7,30074,0.022366,2964,0.06,0.88,4051.4,REVIEW
20260623170833-w124-125,0.3506,38.4,10,7e-06,1252,1.99,2.0,2926.0,REVIEW
20250926203608-auto_grown_20250926203608932,0.0601,38.3,169513,0.028164,6606,0.05,0.76,8736.0,REVIEW
20250926203608-auto_grown_20250926203608932,0.4444,36.0,1305,0.020744,415,0.12,0.88,1042.3,REVIEW
20251218211706-w3_20251218211706689,0.2011,35.3,14894,0.096509,8314,0.09,0.53,1327.1,REVIEW
20260623170305-w122-123,0.3547,33.2,18,1.4e-05,432,1.99,2.0,2889.6,REVIEW
20251218212713-w5_20251218212713988,0.2648,31.0,13849,0.09982,8698,0.13,0.53,1237.7,REVIEW
20251115002741-auto_grown_20251115002740308_1_flatboi,1.0913,30.5,44,2.8e-05,1220,1.06,9.13,976.9,REVIEW
20251206184729-w095_20251206184729906_flatboi,0.443,30.5,207,0.000891,1411,0.62,0.7,1654.8,REVIEW
20251115002741-auto_grown_20251115002740308_1_flatboi,1.0917,30.4,33,2.1e-05,980,1.03,9.12,976.7,REVIEW
20260603222816-20231005123336_v2_flatboi,0.2989,28.8,1897,0.000336,262,2.18,2.31,3390.1,REVIEW
20251218212128-w4_20251218212128406,0.2125,28.5,13406,0.089781,9594,0.1,0.53,1375.5,REVIEW
20251220012955-w7_20251220012955200,0.3206,27.9,4896,0.076884,4358,0.07,0.5,765.2,REVIEW
20251220015639-w6_20251220015639809,0.2976,26.2,5360,0.070439,6124,0.07,0.52,907.0,REVIEW
20251206184729-w095_20251206184729906_flatboi,0.4422,24.1,261,0.001134,1289,0.62,0.69,1650.1,REVIEW
20250925161630-auto_grown_20250925161630635,1.1182,20.7,4,6.8e-05,64,0.3,0.75,858.8,REVIEW
20260603222816-20231005123336_v2_flatboi,0.2992,20.2,1875,0.000332,260,2.18,2.31,3390.6,REVIEW
20251222204911-w6_20251222204911527,0.3157,19.1,2938,0.083048,1552,0.09,0.55,711.1,REVIEW
20251105093211-z_dbg_gen_00320,0.4536,18.9,1100,0.072108,353,0.1,0.54,688.7,REVIEW
20251115002742-auto_grown_20251115002740308_2_flatboi,0.934,18.7,33,2.1e-05,696,2.13,7.65,1156.9,WATCH
20251115002742-auto_grown_20251115002740308_2_flatboi,0.9341,18.6,29,1.9e-05,670,2.1,7.65,1156.9,WATCH
20260603222816-20231005123336_v2_flatboi,0.1409,17.4,8410,0.00033,542,2.18,2.31,7202.9,WATCH
20251001060526-auto_grown_20251001060526760,0.2941,16.4,3982,0.000657,1360,0.22,2.89,3505.4,WATCH
20250925182632-auto_grown_20250925182632715,0.8555,16.2,7,0.000109,111,0.2,0.9,961.7,WATCH
20251001060526-auto_grown_20251001060526760,0.6246,16.2,811,0.00064,422,0.28,2.89,1648.7,WATCH
20250930083742-auto_grown_20250930083742882,0.1729,15.8,497,8.2e-05,1357,0.15,0.94,5877.2,WATCH
20260604223808-20231210121321_v8,0.1707,15.6,15705,0.000733,3358,2.29,2.5,6089.2,WATCH
20250703025628-auto_grown_20250703025628283,0.1933,15.5,481,0.040881,517,0.05,0.09,601.3,REVIEW
20260221022814-auto_grown_20260220174252405,0.1741,15.3,9341,0.01321,5128,0.13,0.74,3892.7,REVIEW
20250930083742-auto_grown_20250930083742882,0.368,15.2,91,7.1e-05,613,0.18,0.94,2763.0,WATCH
20250703025628-auto_grown_20250703025628283,0.1916,15.2,501,0.037034,726,0.05,0.09,613.8,REVIEW
20251222223312-w7_20251222223312675,0.3974,14.8,1369,0.067108,997,0.1,0.54,580.4,REVIEW
20251115002740-auto_grown_20251115002740308_0_flatboi,1.4216,14.8,7,6e-06,684,2.5,10.31,750.3,WATCH
20250926112011-w078_20250926112011918_flatboi,0.4391,14.7,85,0.000241,1962,0.7,0.76,2209.8,WATCH
20251115002740-auto_grown_20251115002740308_0_flatboi,1.4214,14.7,7,6e-06,698,2.67,10.31,750.4,WATCH
20260623170305-w122-123,2.0626,14.4,4,0.0001,50,1.99,2.0,496.1,WATCH
20250502184845-auto_grown_20250502164121265,0.2422,14.1,284,0.020652,1686,0.04,0.18,459.9,REVIEW
20250926051122-auto_grown_20250926051122829,1.0095,14.0,14,0.000102,303,0.29,0.86,903.9,WATCH
20260226123353-auto_grown_20260226123353106,0.5484,14.0,498,0.008565,668,0.25,0.95,3422.2,REVIEW
20260226123353-auto_grown_20260226123353106,1.1578,13.9,107,0.008665,298,0.3,0.96,1637.9,REVIEW
20250926112011-w078_20250926112011918_flatboi,0.4396,13.8,83,0.000237,1678,0.71,0.76,2204.9,WATCH
20251219211451-w8_20251219211451561,0.4941,13.7,179,0.020233,533,0.08,0.2,530.7,REVIEW
20250925204843-auto_grown_20250925204843950,0.4401,13.6,1027,0.012087,869,0.11,0.9,1107.8,REVIEW
20260226123353-auto_grown_20260226123353106,1.1209,13.5,287,0.022945,212,0.37,0.67,1667.6,REVIEW
20260226000000-46527_2um_try2,0.1492,13.4,4458,0.00577,1563,0.3,0.77,3648.7,REVIEW
20250930083742-auto_grown_20250930083742882,1.4384,13.3,1,1.6e-05,82,0.35,0.94,711.6,WATCH
20260226000000-46527_2um_try2,0.3174,13.1,967,0.005655,735,0.31,0.77,1723.8,REVIEW
20260225160055-auto_grown_20260225160055913,0.8353,12.9,1367,0.036904,260,0.63,0.73,2667.0,REVIEW
20260612121456-w011_20260108140509268_merged_v4_flatboi_straightened_v4,1.0564,12.8,385,9.4e-05,5864,0.55,29.6,1098.1,WATCH
20260612121456-w011_20260108140509268_merged_v4_flatboi_straightened_v4,1.0441,12.8,415,9.5e-05,6340,0.55,29.61,1099.3,WATCH
20260612121456-w011_20260108140509268_merged_v4_flatboi_straightened_v4,0.3218,12.4,22145,0.000489,18880,0.17,29.62,3587.9,WATCH
20260221022814-auto_grown_20260220174252405,0.6305,12.3,422,0.008814,1372,0.14,0.71,1016.4,REVIEW
20260226000000-46527_2um_try2,0.338,12.2,1263,0.007278,764,0.32,0.67,1731.5,REVIEW
20260623170833-w124-125,2.0396,11.9,4,9.8e-05,104,1.99,2.0,503.0,WATCH
20260225160055-auto_grown_20260225160055913,1.8053,11.8,211,0.031167,90,0.62,0.74,1289.9,REVIEW
20250926165636-auto_trace_20250926165636789,0.5215,11.7,796,0.009226,520,0.15,0.66,1160.5,REVIEW
20260612121456-w011_20260108140509268_merged_v4_flatboi_straightened_v4,0.4382,11.6,12139,0.000497,13758,0.19,29.59,2630.8,WATCH
20260603190005-5753_-5,0.2701,11.5,18698,0.011688,8038,0.15,1.18,3042.2,REVIEW
20250926203608-auto_grown_20250926203608932,0.5332,11.4,661,0.010208,442,0.13,0.87,1049.8,REVIEW
20260226121302-auto_grown_20260226121302716_abf,0.998,11.4,55,0.00413,175,0.29,0.49,1946.2,REVIEW
20251204192708-w093_20251204192708445_flatboi,0.4179,11.3,252,0.000859,1656,0.64,0.73,2089.1,WATCH
20250928235954-auto_grown_20250928235953722_copy,0.5706,11.2,350,0.006099,343,0.32,0.8,3985.4,REVIEW
20260226113324-auto_grown_20260226113324624_abf,1.1431,11.2,66,0.005291,157,0.34,0.81,1916.6,REVIEW
20250703034159-auto_grown_20250703034159599,0.5004,11.2,299,0.01459,665,0.15,0.47,692.2,REVIEW
20250928235954-auto_grown_20250928235953722_copy,1.1893,11.0,72,0.005706,165,0.35,0.82,1922.0,REVIEW
20260226110425-auto_grown_20260226110425097_abf,1.0476,11.0,66,0.00517,151,0.32,0.94,1908.2,REVIEW
20260226110425-auto_grown_20260226110425097_abf,0.5496,11.0,359,0.006295,329,0.31,0.77,3937.8,REVIEW
20260226113324-auto_grown_20260226113324624_abf,0.5392,11.0,317,0.005421,345,0.31,0.8,4012.3,REVIEW
20230702185753,0.5275,11.0,1559,0.004245,9796,0.54,1.45,555.1,REVIEW
20260226113324-auto_grown_20260226113324624_abf,1.2097,10.9,103,0.008386,142,0.4,0.63,1948.4,REVIEW
20260226121302-auto_grown_20260226121302716_abf,0.5351,10.9,305,0.005189,347,0.31,0.8,4020.3,REVIEW
20250502184201-auto_grown_20250502163549332,0.2722,10.8,190,0.019057,1399,0.03,0.11,440.9,REVIEW
20250702235910-auto_grown_20250702235910292,0.2689,10.7,81,0.018741,247,0.07,0.14,416.5,REVIEW
20250702235910-auto_grown_20250702235910292,0.4086,10.7,152,0.033733,357,0.06,0.32,428.7,REVIEW
20260220213127-w00,0.2724,10.6,2628,0.004873,598,0.75,0.82,2804.2,REVIEW
20260603185441-5753_-6,0.263,10.5,16619,0.01159,8062,0.14,1.18,3054.4,REVIEW
20260603024952-5753_-2,0.2632,10.2,22900,0.011491,7864,0.17,1.27,3079.0,REVIEW
20260603005223-5753_-1,0.2614,10.1,22978,0.010982,7808,0.19,1.26,3178.0,REVIEW
20250928235954-auto_grown_20250928235953722_copy,1.2122,9.8,69,0.005653,159,0.35,0.8,1899.6,REVIEW
20260220214732-auto_grown_20260220144552896,0.2796,9.8,2677,0.004948,546,0.74,0.81,2794.9,REVIEW
20260602204401-5753_-7,0.2711,9.8,10606,0.01058,6314,0.11,0.85,2959.4,REVIEW
20260603145540-5753_-4,0.2662,9.8,23888,0.013291,8144,0.16,1.23,3067.9,REVIEW
20260603193311-5753_-1_copy,0.2574,9.8,19739,0.011183,7252,0.16,1.2,3087.9,REVIEW
20260226110425-auto_grown_20260226110425097_abf,1.1707,9.6,74,0.006098,153,0.35,0.77,1878.2,REVIEW
20260226121302-auto_grown_20260226121302716_abf,1.1297,9.6,65,0.005176,157,0.34,0.8,1919.0,REVIEW
20260602225659-5753_0,0.2609,9.6,16812,0.007678,8014,0.2,1.29,3193.5,REVIEW
20260603042357-5753_-3,0.2671,9.4,26609,0.013908,8140,0.17,1.29,3061.6,REVIEW
20250502182142-auto_grown_20250502161324419,0.3297,9.3,20,0.003356,556,0.05,0.15,360.1,REVIEW
20260603145540-5753_-4,0.3069,9.3,9876,0.001937,4312,0.66,1.17,3037.1,REVIEW
20260623141924-w010-027,0.2565,9.3,184428,0.002269,62864,0.5,18.03,3613.6,REVIEW
20260623141924-w010-027,0.5445,9.2,40016,0.00222,29484,0.5,18.02,1702.1,REVIEW
20250929040153-auto_grown_20250929040153260,0.1733,9.1,319,0.000126,434,0.12,0.84,5437.9,WATCH
20250929040153-auto_grown_20250929040153260,0.372,9.0,46,8.5e-05,214,0.18,0.84,2558.0,WATCH
20260205070000-w041_2026020507_flatboi,0.107,8.8,5564,0.000993,10548,0.2,1.0,8998.1,WATCH
20250502182142-auto_grown_20250502161324419,0.5762,8.8,11,0.112245,0,0.17,0.17,352.3,REVIEW
20260603185441-5753_-6,0.3393,8.8,8107,0.001962,4824,0.54,1.13,2728.0,REVIEW
20251205115859-w094_20251205115859448_flatboi,0.4586,8.7,309,0.001471,78,0.63,0.7,1719.9,REVIEW
20260602204401-5753_-7,0.3581,8.7,7700,0.00263,3904,0.47,1.04,2523.1,REVIEW
20251001060526-auto_grown_20251001060526760,2.2687,8.6,5,9.2e-05,24,0.52,4.07,423.2,WATCH
20231031143852,0.2118,8.6,37830,0.002679,5574,0.64,3.12,4428.9,REVIEW
20231221180251,0.3722,8.6,7410,0.002449,1082,2.23,2.69,2385.6,REVIEW
20231221180251,0.1753,8.6,33607,0.00246,2344,1.7,2.69,5063.6,REVIEW
20250502185519-auto_grown_20250502164303733,0.4876,8.5,54,0.010162,114,0.1,0.13,557.8,REVIEW
20231031143852,0.4498,8.5,8152,0.002606,2590,0.66,3.11,2085.4,REVIEW
20260603042357-5753_-3,0.2984,8.5,7284,0.001347,3548,0.97,1.19,3195.2,REVIEW
20260205070000-w041_2026020507_flatboi,0.3087,8.4,1080,0.001479,4226,0.16,1.0,3115.8,REVIEW
20260205070000-w041_2026020507_flatboi,0.744,8.4,161,0.001331,2110,0.42,1.01,1296.2,REVIEW
20260603024952-5753_-2,0.2848,8.4,6408,0.001134,3282,0.97,1.16,3349.3,REVIEW
20260603190005-5753_-5,0.3265,8.4,8239,0.001806,4922,0.55,1.14,2887.5,REVIEW
20251205115859-w094_20251205115859448_flatboi,0.4597,8.3,293,0.001405,58,0.63,0.7,1714.3,REVIEW
20260603222816-20231005123336_v2_flatboi,0.9767,8.3,5,1e-05,70,2.18,2.3,1039.7,WATCH
20260205070000-w041_2026020507_flatboi,0.7414,8.2,161,0.001348,1568,0.42,1.0,1296.7,REVIEW
20260205070000-w041_2026020507_flatboi,0.2269,8.2,2008,0.001482,5762,0.16,1.0,4243.8,REVIEW
20260225160055-auto_grown_20260225160055913,0.8552,8.2,27,0.002961,286,0.17,0.42,1306.8,REVIEW
20260203210000-w040_2026020321_flatboi,0.7533,8.1,187,0.001208,1386,0.63,1.04,1325.3,REVIEW
20260203210000-w040_2026020321_flatboi,0.1088,8.1,5844,0.000879,5618,0.48,1.04,9191.8,WATCH
20250502185519-auto_grown_20250502164303733,0.502,8.1,36,0.009469,46,0.1,0.13,550.4,REVIEW
20260203210000-w040_2026020321_flatboi,0.313,8.0,1196,0.001335,2390,0.6,1.04,3179.5,REVIEW
20260203210000-w040_2026020321_flatboi,0.2304,8.0,2282,0.001373,3246,0.6,1.04,4332.2,REVIEW
20250703034159-auto_grown_20250703034159599,0.6816,8.0,66,0.003932,207,0.16,0.7,681.1,REVIEW
20230702185753,0.2528,8.0,16913,0.000937,7750,0.66,3.07,3844.2,WATCH
20260603193311-5753_-1_copy,0.2803,8.0,5353,0.001042,2954,0.73,1.14,3485.9,REVIEW
20260623141135-w046-052_jordi,0.1192,8.0,46662,0.000487,1338,0.92,7.02,8422.5,WATCH
20260108140509-w011_20260108140509268_flatboi,0.5591,7.9,798,0.000697,1723,0.92,1.49,1719.6,OK
20260203210000-w040_2026020321_flatboi,0.7523,7.9,180,0.001173,976,0.63,1.04,1325.1,REVIEW
20231016151002,0.6533,7.9,1046,0.0003,738,4.16,4.98,1494.4,OK
20231106155351,0.2001,7.9,35128,0.001993,5042,0.74,3.5,4911.7,REVIEW
20260623141649-w053-058_jordi,0.226,7.9,9802,0.000474,538,5.98,6.02,4414.7,OK
20260623141649-w053-058_jordi,0.1064,7.9,44391,0.000476,1188,5.98,6.02,9377.8,OK
20240304141531-w013_20240304141531_flatboi,0.4271,7.8,8082,0.001044,5432,0.6,5.76,2326.7,REVIEW
20251206103305-w012_20251206103305555_flatboi,0.7182,7.8,857,0.001292,1063,1.04,1.49,1346.6,REVIEW
20251206103305-w012_20251206103305555_flatboi,0.5278,7.8,1630,0.001317,1521,1.02,1.49,1832.9,REVIEW
20230702185753,0.5371,7.8,3594,0.000899,3600,0.67,3.07,1809.4,OK
20231106155351,0.4251,7.8,7802,0.001999,2352,0.78,3.5,2311.6,REVIEW
20260623141135-w046-052_jordi,0.2533,7.8,10109,0.000476,630,1.55,7.02,3965.6,OK
20260623142658-w028-037,0.1735,7.8,79184,0.00092,11104,0.55,10.0,5747.4,OK
20240304141531-w013_20240304141531_flatboi,0.5809,7.7,4282,0.001025,3962,0.63,5.76,1707.8,REVIEW
20260130150000-w039_2026013015_flatboi,0.1082,7.7,1315,0.000169,4032,0.43,1.06,9288.6,OK
20251204192708-w093_20251204192708445_flatboi,0.4188,7.7,242,0.000831,1194,0.64,0.73,2081.8,OK
20231012184424,0.3759,7.7,5383,0.000629,1740,2.27,4.12,2666.7,OK
20231012184424,0.177,7.7,24942,0.000646,3776,1.63,4.12,5663.0,OK
20260623142658-w028-037,0.3683,7.7,17156,0.000899,5186,0.56,10.0,2708.0,OK
20260623144957-w053-058,0.2257,7.7,7282,0.000352,732,5.98,6.02,4473.8,OK
20260623143441-w038-045,0.1381,7.7,30498,0.000348,5230,0.06,8.0,7269.6,OK
20260623144957-w053-058,0.1063,7.7,33997,0.000364,1574,5.98,6.02,9501.5,OK
20231210121321,0.3504,7.6,2248,0.000507,554,1.92,1.99,2865.2,OK
20231007101619,0.1543,7.6,16978,0.000304,2718,4.55,5.02,6601.9,OK
20231210121321,0.165,7.6,10614,0.00053,1184,1.92,1.99,6088.2,OK
20260623141649-w053-058_jordi,0.7387,7.6,401,0.000213,124,5.98,6.01,1356.5,OK
20260623143441-w038-045,0.2936,7.6,6118,0.000316,2424,0.06,8.0,3429.8,OK
20260108140509-w011_20260108140509268_flatboi,0.7609,7.5,313,0.00051,1243,1.02,1.49,1262.9,OK
20231007101619,0.3279,7.5,3775,0.000305,1236,4.62,5.02,3107.5,OK
20260623144224-w046-052,0.1188,7.5,42525,0.000444,752,0.88,7.02,8525.3,OK
20260623144224-w046-052,0.2523,7.5,9225,0.000435,356,1.33,7.02,4014.0,OK
20250925212701-auto_grown_20250925212701145,0.5584,7.4,270,0.000626,144,0.21,1.15,1818.2,OK
20250925212701-auto_grown_20250925212701145,0.2618,7.4,1417,0.000687,392,0.16,1.16,3866.4,OK
20250502205333-auto_grown_20250502181030065,0.5216,7.4,32,0.003287,458,0.09,0.3,354.0,REVIEW
20260220213127-w00,1.0427,7.4,3,8.3e-05,248,0.74,0.83,738.6,OK
20240304144031-w018_20240304144031_flatboi,0.4717,7.3,1660,0.000319,1442,5.14,5.3,2195.9,OK
20240304144031-w018_20240304144031_flatboi,0.3468,7.3,3020,0.000314,1980,5.14,5.3,2990.3,OK
20260108140509-w011_20260108140509268_flatboi,0.2956,7.3,1533,0.000406,908,1.22,1.34,3531.2,OK
20250925222237-auto_grown_20250925222237459,0.3315,7.3,571,0.000177,24,0.23,2.97,3173.2,OK
20260602225659-5753_0,1.014,7.3,2,1.6e-05,1969,0.21,1.27,801.6,OK
20260602225659-5753_0,1.0165,7.3,2,1.6e-05,1831,0.2,1.25,800.1,OK
20260130150000-w039_2026013015_flatboi,0.7357,7.2,10,5.3e-05,1054,0.72,1.07,1357.4,OK
20251206103305-w012_20251206103305555_flatboi,0.2859,7.1,1480,0.000367,96,1.26,1.37,3709.3,OK
20250925222237-auto_grown_20250925222237459,0.7067,7.0,97,0.000143,10,0.31,2.97,1491.6,OK
20251204101314-w092_20251204101314959_flatboi,0.4224,7.0,177,0.000621,798,0.64,0.72,2035.6,OK
20260623141135-w046-052_jordi,0.8261,7.0,507,0.000262,90,6.13,7.01,1214.8,OK
20260623144957-w053-058,0.7381,7.0,213,0.000113,224,5.98,6.02,1374.9,OK
20240304141531-w013_20240304141531_flatboi,0.237,6.9,438,1.9e-05,60,5.64,5.73,4549.5,OK
20240304161941-w023_20240304161941_flatboi,0.3024,6.9,431,4.4e-05,856,4.42,4.58,3554.9,OK
20251208130119-w028_20251208130119156_flatboi,0.3052,6.9,83,3.4e-05,104,1.15,1.32,3595.5,OK
20251212185248-w029_20251212185248662_flatboi,0.295,6.9,109,4.3e-05,240,1.14,1.31,3700.2,OK
20251204101314-w092_20251204101314959_flatboi,0.4214,6.9,175,0.00061,1256,0.64,0.73,2041.1,OK
20260623144224-w046-052,0.8235,6.9,470,0.000243,12,5.44,7.02,1229.7,OK
20240304161941-w023_20240304161941_flatboi,0.4112,6.8,226,4.3e-05,634,4.42,4.58,2610.4,OK
20251208130119-w028_20251208130119156_flatboi,0.4151,6.8,43,3.3e-05,80,1.15,1.32,2640.8,OK
20251212185248-w029_20251212185248662_flatboi,0.4011,6.8,58,4.3e-05,176,1.14,1.31,2717.2,OK
20251220020000-w030_2025122002_flatboi,0.3934,6.8,53,3.9e-05,84,1.13,1.29,2788.0,OK
20251220020000-w030_2025122002_flatboi,0.2897,6.8,98,3.8e-05,118,1.13,1.29,3797.0,OK
20250502184658-auto_grown_20250502163923577,0.5232,6.8,11,0.001204,454,0.09,0.24,443.0,REVIEW
20260603005223-5753_-1,1.0019,6.8,6,5.1e-05,1871,0.2,1.09,798.2,OK
20260130150000-w039_2026013015_flatboi,0.306,6.7,156,0.000145,1636,0.68,1.06,3251.6,OK
20250502183138-auto_grown_20250502162038685,0.5567,6.7,2,0.000638,189,0.1,0.23,318.4,WATCH
20260130150000-w039_2026013015_flatboi,0.2251,6.6,165,8.3e-05,2202,0.71,1.06,4437.4,OK
20260119120000-w036_2026011912_flatboi,0.1177,6.6,181,2.2e-05,2496,0.3,1.06,9052.4,OK
20260623144957-w053-058,0.9027,6.6,103,8e-05,196,5.98,6.02,1118.4,OK
20260623145652-w059-063,0.825,6.6,26,2.2e-05,560,4.99,5.02,1232.0,OK
20260623145652-w059-063,0.0971,6.6,1661,1.9e-05,4562,4.98,5.02,10466.1,OK
20260130150000-w039_2026013015_flatboi,0.7353,6.5,10,5.4e-05,728,0.72,1.07,1357.0,OK
20260603145540-5753_-4,1.0075,6.5,2,2e-05,1945,0.17,0.76,770.0,OK
20260623145652-w059-063,0.8247,6.5,23,1.9e-05,562,4.99,5.02,1232.0,OK
20260623145652-w059-063,0.2063,6.5,315,1.6e-05,2134,4.98,5.02,4927.2,OK
20260603005223-5753_-1,1.0071,6.4,1,9e-06,1767,0.2,0.94,796.4,OK
20260623141649-w053-058_jordi,0.9037,6.4,99,7.6e-05,184,5.98,6.02,1103.8,OK
20260623141649-w053-058_jordi,0.904,6.4,99,7.7e-05,184,5.98,6.02,1103.7,OK
20260220214732-auto_grown_20260220144552896,1.0584,6.2,2,5.5e-05,246,0.74,0.82,733.5,OK
20260603185441-5753_-6,1.0182,6.2,8,9.7e-05,1949,0.14,0.61,769.1,WATCH
20260128140000-w038_2026012814_flatboi,0.7558,6.1,1,6e-06,757,0.76,1.07,1343.9,OK
20250925182632-auto_grown_20250925182632715,0.8805,6.1,1,1.4e-05,163,0.22,0.89,959.6,OK
20251115002745-auto_grown_20251115002740308_5_flatboi,0.6878,6.1,1,1e-06,2338,6.01,6.03,1565.1,OK
20251115002745-auto_grown_20251115002740308_5_flatboi,0.6879,6.1,1,1e-06,2348,6.01,6.03,1565.1,OK
20251204071911-w091_20251204071911070_flatboi,0.4328,6.1,31,0.000111,428,0.64,0.73,2020.0,OK
20251204071911-w091_20251204071911070_flatboi,0.431,6.1,12,4.3e-05,670,0.64,0.73,2025.7,OK
20260603024952-5753_-2,0.9993,6.1,1,9e-06,1805,0.18,1.24,772.9,OK
20260603185441-5753_-6,1.0248,6.1,3,3.7e-05,1814,0.14,0.6,766.2,WATCH
20260603193311-5753_-1_copy,1.0274,6.1,1,1.1e-05,1369,0.17,1.1,772.3,OK
20260119120000-w036_2026011912_flatboi,0.242,6.0,1,0.0,1544,0.72,1.06,4341.5,OK
20260128140000-w038_2026012814_flatboi,0.1117,6.0,20,3e-06,2374,0.53,1.05,9274.9,OK
20251204060522-w090_20251204060522416_flatboi,0.4348,6.0,0,0.0,454,0.64,0.73,2017.8,OK
20260603193311-5753_-1_copy,1.0308,6.0,1,1.1e-05,1351,0.17,1.17,771.8,OK
20251212185248-w029_20251212185248662_flatboi,0.9649,5.9,0,0.0,86,1.15,1.31,1131.1,OK
20250502180708-auto_grown_20250502160708188,0.8774,5.9,0,0.0,166,0.24,0.54,423.4,OK
20251204060522-w090_20251204060522416_flatboi,0.4333,5.9,0,0.0,780,0.64,0.74,2024.0,OK
20260623143441-w038-045,0.9413,5.9,0,0.0,226,0.99,8.0,1045.4,OK
20251220020000-w030_2025122002_flatboi,0.9477,5.8,0,0.0,90,1.13,1.29,1159.8,OK
20260119120000-w036_2026011912_flatboi,0.329,5.8,0,0.0,1130,0.73,1.06,3188.2,OK
20260220213127-w00,1.0789,5.8,0,0.0,114,0.75,0.81,729.5,OK
20250926122938-w082_20250926122938619_flatboi,0.4191,5.8,0,0.0,4300,0.65,0.68,2105.2,OK
20231106155351,1.3704,5.8,0,0.0,742,0.63,3.51,709.0,OK
20260603024952-5753_-2,1.0001,5.8,0,0.0,1749,0.18,1.19,771.1,OK
20260603042357-5753_-3,1.0028,5.8,0,0.0,1881,0.17,0.85,768.6,OK
20260603042357-5753_-3,1.0072,5.8,0,0.0,1817,0.17,0.91,767.3,OK
20260603145540-5753_-4,1.0089,5.8,0,0.0,1845,0.16,0.89,768.3,OK
20260603190005-5753_-5,1.0383,5.8,0,0.0,1751,0.16,0.68,762.8,OK
20251220020000-w030_2025122002_flatboi,0.9476,5.7,0,0.0,38,1.13,1.29,1160.5,OK
20250926051122-auto_grown_20250926051122829,1.0013,5.7,0,0.0,334,0.27,0.99,898.6,OK
20251203230500-w089_20251203230500465_flatboi,0.4359,5.7,0,0.0,488,0.64,0.73,2016.8,OK
20260603190005-5753_-5,1.0308,5.7,0,0.0,1851,0.16,0.66,764.2,WATCH
20260623141135-w046-052_jordi,1.013,5.7,0,0.0,180,0.84,7.02,991.6,OK
20260623145652-w059-063,0.6738,5.7,0,0.0,718,4.98,5.01,1514.6,OK
20251208130119-w028_20251208130119156_flatboi,0.997,5.6,0,0.0,54,1.16,1.32,1098.3,OK
20250925161630-auto_grown_20250925161630635,1.1303,5.6,0,0.0,91,0.31,0.99,851.7,OK
20251203230500-w089_20251203230500465_flatboi,0.4343,5.6,0,0.0,776,0.64,0.74,2022.3,OK
20260623144224-w046-052,1.0093,5.6,0,0.0,108,0.83,7.02,1003.7,OK
20260623144224-w046-052,1.0094,5.6,0,0.0,106,0.83,7.02,1003.7,OK
20240304161941-w023_20240304161941_flatboi,0.9889,5.5,0,0.0,258,4.42,4.58,1086.9,OK
20240304161941-w023_20240304161941_flatboi,0.9888,5.5,0,0.0,260,4.42,4.58,1087.0,OK
20251212185248-w029_20251212185248662_flatboi,0.9641,5.5,0,0.0,150,1.15,1.31,1130.6,OK
20260128140000-w038_2026012814_flatboi,0.3145,5.5,0,0.0,1160,0.72,1.05,3220.0,OK
20231007101619,1.0654,5.5,0,0.0,408,4.3,5.02,955.2,OK
20260623150417-w064-068,0.7436,5.5,0,0.0,336,4.99,5.01,1332.0,OK
20260623150417-w064-068,0.7437,5.5,0,0.0,336,4.99,5.01,1331.9,OK
20251208130119-w028_20251208130119156_flatboi,0.9979,5.4,0,0.0,34,1.15,1.32,1099.1,OK
20260128140000-w038_2026012814_flatboi,0.2314,5.4,0,0.0,1560,0.71,1.05,4393.5,OK
20260321025901-MAN5_outer_3,0.2166,5.4,0,0.0,1254,0.91,0.93,4160.7,OK
20231221180251,1.2064,5.4,0,0.0,360,0.66,2.65,731.7,OK
20260623142658-w028-037,1.2059,5.4,0,0.0,1260,0.6,10.01,824.5,OK
20260623150417-w064-068,0.1859,5.4,0,0.0,1290,4.99,5.01,5327.2,OK
20260623150417-w064-068,0.0875,5.4,0,0.0,2880,4.98,5.01,11314.8,OK
20260123230000-w037_2026012323_flatboi,0.7806,5.3,0,0.0,160,0.74,1.05,1322.6,OK
20260128140000-w038_2026012814_flatboi,0.7557,5.3,0,0.0,528,0.75,1.05,1343.6,OK
20250928235953-auto_grown_20250928235953722,1.1195,5.3,0,0.0,266,0.34,1.01,836.0,OK
20250926132117-w083_20250926132117595_flatboi,0.4347,5.3,0,0.0,2448,0.65,0.68,1888.9,OK
20231007101619,1.0667,5.3,0,0.0,350,3.7,5.02,954.9,OK
20260602204401-5753_-7,1.0862,5.3,0,0.0,1203,0.12,0.51,739.4,WATCH
20240304144031-w018_20240304144031_flatboi,1.133,5.2,0,0.0,580,2.77,5.3,914.7,OK
20240304144031-w018_20240304144031_flatboi,1.1329,5.2,0,0.0,586,2.77,5.3,914.8,OK
20260123230000-w037_2026012323_flatboi,0.3256,5.2,0,0.0,278,0.71,1.04,3170.9,OK
20250926145427-w084_20250926145427439_flatboi,0.4411,5.2,0,0.0,696,0.64,0.75,2027.8,OK
20251110110112-w066_20251110110112608_flatboi,0.4792,5.2,0,0.0,152,0.96,0.98,2273.6,OK
20251110110112-w066_20251110110112608_flatboi,0.478,5.2,0,0.0,176,0.96,0.98,2274.4,OK
20260602204401-5753_-7,1.0861,5.2,0,0.0,1223,0.13,0.52,740.0,WATCH
20260119120000-w036_2026011912_flatboi,0.7917,5.1,0,0.0,640,0.81,1.07,1327.4,OK
20260123230000-w037_2026012323_flatboi,0.7821,5.1,0,0.0,126,0.74,1.05,1323.0,OK
20260123230000-w037_2026012323_flatboi,0.2395,5.1,0,0.0,382,0.7,1.05,4324.6,OK
20250502180748-auto_grown_20250502160748721,0.5375,5.0,0,0.0,30,0.08,0.13,306.7,WATCH
20250926145427-w084_20250926145427439_flatboi,0.4425,5.0,0,0.0,538,0.64,0.76,2019.8,OK
20231210121321,1.1398,5.0,0,0.0,156,1.91,1.98,880.7,OK
20231210121321,1.1408,5.0,0,0.0,190,1.91,2.01,880.7,OK
20260220214732-auto_grown_20260220144552896,1.1062,4.9,0,0.0,118,0.75,0.8,722.8,OK
20260623143441-w038-045,1.1738,4.9,0,0.0,640,0.69,8.0,855.4,OK
20260623143441-w038-045,1.1571,4.9,0,0.0,402,0.98,8.0,855.7,OK
20260623150417-w064-068,0.6079,4.9,0,0.0,498,4.99,5.01,1636.9,OK
20231221180251,1.2041,4.8,0,0.0,314,0.66,2.65,733.0,OK
20260604223808-20231210121321_v8,1.1922,4.8,0,0.0,402,2.29,2.48,873.4,OK
20231012184424,1.2214,4.7,0,0.0,504,0.74,4.12,819.4,OK
20231012184424,1.2195,4.7,0,0.0,592,0.75,4.12,819.0,OK
20231106155351,1.3731,4.7,0,0.0,658,0.64,3.5,710.1,OK
20260623142658-w028-037,1.4676,4.6,0,0.0,1246,0.6,10.01,676.7,OK
20250502182456-auto_grown_20250502161202782,1.2564,4.5,0,0.0,0,0.34,0.73,424.4,OK
20251115002748-auto_grown_20251115002740308_8_flatboi,0.5725,4.5,0,0.0,1386,2.93,2.96,1890.9,OK
20250502182456-auto_grown_20250502161202782,0.7091,4.4,0,0.0,50,0.18,0.56,430.2,OK
20240304141531-w013_20240304141531_flatboi,1.388,4.3,0,0.0,1592,0.57,5.74,711.5,OK
20260123230000-w037_2026012323_flatboi,0.1155,4.3,0,0.0,676,0.5,1.04,9148.3,OK
20231022170901,0.4834,4.3,0,0.0,0,0.88,7.98,2222.9,OK
20260623141924-w010-027,2.0573,4.3,0,0.0,6186,0.48,14.83,425.7,OK
20260623141924-w010-027,2.057,4.3,0,0.0,6184,0.48,14.83,425.7,OK
20240304141531-w013_20240304141531_flatboi,1.3876,4.2,0,0.0,1724,0.56,5.74,711.7,OK
20250926122938-w082_20250926122938619_flatboi,0.421,4.2,0,0.0,3432,0.64,0.69,2099.9,OK
20260623151041-w069-072,0.1741,4.2,0,0.0,614,3.99,4.01,5659.8,OK
20260623151041-w069-072,0.6962,4.2,0,0.0,170,3.99,4.01,1415.2,OK
20260623151041-w069-072,0.6963,4.2,0,0.0,170,3.99,4.01,1415.2,OK
20260623151041-w069-072,0.082,4.2,0,0.0,1368,3.99,4.01,12022.0,OK
20231031143852,1.4412,4.1,0,0.0,832,0.59,3.13,639.5,OK
20260226000000-46527_2um_try2,1.2498,4.0,0,0.0,133,0.26,0.75,441.0,OK
20251106133152-w077_20251106133152767_flatboi,0.4477,4.0,0,0.0,2011,0.71,0.75,2166.6,OK
20251115002743-auto_grown_20251115002740308_3_flatboi,0.8263,4.0,0,0.0,432,3.66,6.79,1316.4,OK
20231031143852,1.4445,4.0,0,0.0,732,0.59,3.11,640.7,OK
20260108140509-w011_20260108140509268_flatboi,1.7903,3.9,0,0.0,621,0.79,1.39,525.7,OK
20260226123353-auto_grown_20260226123353106,4.2772,3.9,0,0.0,11,0.34,0.37,419.5,WATCH
20251112000002-w087_20251112000002214_flatboi,0.451,3.9,0,0.0,166,0.64,0.7,1886.2,OK
20251112000002-w087_20251112000002214_flatboi,0.4496,3.9,0,0.0,238,0.64,0.7,1891.1,OK
20231022170901,1.5699,3.9,0,0.0,0,2.53,7.99,681.9,OK
20260623151041-w069-072,0.5688,3.9,0,0.0,264,3.99,4.01,1739.3,OK
20260623151729-w073-076,0.1657,3.9,0,0.0,624,3.99,4.02,5953.8,OK
20260623151729-w073-076,0.6628,3.9,0,0.0,166,3.99,4.02,1488.7,OK
20260623151729-w073-076,0.663,3.9,0,0.0,166,3.99,4.02,1488.8,OK
20260623151729-w073-076,0.0779,3.9,0,0.0,1346,3.99,4.02,12642.1,OK
20250930083742-auto_grown_20250930083742882,1.4021,3.8,0,0.0,114,0.37,1.0,710.5,OK
20250926150345-w086_20250926150345176_flatboi,0.4504,3.8,0,0.0,272,0.64,0.7,1887.8,OK
20251110135146-w085_20251110135146457_flatboi,0.4433,3.8,0,0.0,1444,0.65,0.7,1930.8,OK
20250929040153-auto_grown_20250929040153260,1.5367,3.7,0,0.0,56,0.4,0.9,667.7,OK
20250929040153-auto_grown_20250929040153260,1.426,3.7,0,0.0,2,0.36,0.96,682.8,OK
20250926150345-w086_20250926150345176_flatboi,0.4489,3.7,0,0.0,354,0.64,0.7,1893.4,OK
20251110135146-w085_20251110135146457_flatboi,0.4449,3.7,0,0.0,1156,0.64,0.7,1925.9,OK
20231016151002,2.1242,3.7,0,0.0,190,0.73,4.98,456.7,OK
20260108140509-w011_20260108140509268_flatboi,1.8059,3.6,0,0.0,515,0.77,1.36,525.9,OK
20250502180708-auto_grown_20250502160708188,1.4062,3.6,0,0.0,13,0.23,0.87,420.6,OK
20251106133152-w077_20251106133152767_flatboi,0.4488,3.6,0,0.0,1497,0.71,0.75,2162.1,OK
20251106170358-w076_20251106170358232_flatboi,0.4449,3.6,0,0.0,2219,0.71,0.76,2213.4,OK
20251106170358-w076_20251106170358232_flatboi,0.444,3.6,0,0.0,2756,0.71,0.76,2217.4,OK
20260623141924-w010-027,1.7344,3.6,0,0.0,7586,0.49,16.39,516.3,OK
20260623151729-w073-076,0.5416,3.6,0,0.0,244,3.99,4.02,1829.4,OK
20260623152443-w077-080,0.1573,3.6,0,0.0,270,3.99,4.01,6246.9,OK
20260623152443-w077-080,0.6291,3.6,0,0.0,80,3.99,4.01,1561.8,OK
20231022170901,1.5738,3.5,0,0.0,0,0.91,7.98,682.8,OK
20260623152443-w077-080,0.0741,3.5,0,0.0,656,3.98,4.01,13266.5,OK
20251206103305-w012_20251206103305555_flatboi,1.7043,3.4,0,0.0,417,0.89,1.41,560.2,OK
20251206103305-w012_20251206103305555_flatboi,1.6975,3.4,0,0.0,459,1.03,1.42,560.2,OK
20250926113336-w079_20250926113336891_flatboi,0.4414,3.4,0,0.0,1835,0.6,0.94,2453.5,OK
20250926113336-w079_20250926113336891_flatboi,0.4399,3.4,0,0.0,2200,0.61,0.91,2456.8,OK
20230929220926,0.9313,3.4,0,0.0,6,2.88,2.95,1143.0,OK
20260623152443-w077-080,0.5134,3.4,0,0.0,156,3.99,4.01,1919.7,OK
20250925212701-auto_grown_20250925212701145,2.0079,3.3,0,0.0,0,0.51,1.33,470.6,OK
20230702185753,1.7396,3.3,0,0.0,1050,0.59,3.08,556.2,OK
20260119120000-w036_2026011912_flatboi,0.7916,3.2,0,0.0,464,0.88,1.07,1327.4,OK
20250926114310-w080_20250926114310705_flatboi,0.4332,3.2,0,0.0,1942,0.62,0.72,2146.8,OK
20250926114310-w080_20250926114310705_flatboi,0.4323,3.2,0,0.0,2388,0.62,0.72,2153.1,OK
20260623153216-w081-084,0.1489,3.2,0,0.0,606,3.99,4.01,6557.8,OK
20260623154006-w085-088,0.1418,3.2,0,0.0,352,3.99,4.01,6867.7,OK
20260623153216-w081-084,0.0701,3.2,0,0.0,1346,3.98,4.01,13923.5,OK
20260105050000-w032_2026010505_flatboi,0.875,3.1,0,0.0,248,1.07,1.11,1254.1,OK
20260602225659-5753_0,1.8571,3.1,0,0.0,376,0.67,1.17,536.2,OK
20260623153216-w081-084,0.5955,3.1,0,0.0,186,3.99,4.01,1639.9,OK
20260623154006-w085-088,0.5671,3.1,0,0.0,124,3.99,4.01,1717.1,OK
20260623154006-w085-088,0.0667,3.1,0,0.0,788,3.98,4.01,14595.9,OK
20251001060526-auto_grown_20251001060526760,2.1239,3.0,0,0.0,25,0.56,3.17,422.7,OK
20251114202035-w081_20251114202035261_flatboi,0.4548,3.0,0,0.0,1028,0.64,0.72,2026.8,OK
20251114202035-w081_20251114202035261_flatboi,0.4536,3.0,0,0.0,1352,0.64,0.72,2033.1,OK
20260603005223-5753_-1,1.8872,3.0,0,0.0,412,0.64,1.13,514.1,OK
20260623153216-w081-084,0.4858,3.0,0,0.0,134,3.99,4.01,2014.4,OK
20260623154617-w089-091,0.1356,3.0,0,0.0,418,2.99,3.01,7143.4,OK
20260623154617-w089-091,0.5424,3.0,0,0.0,144,2.99,3.01,1786.0,OK
20260623154617-w089-091,0.5423,3.0,0,0.0,144,2.99,3.01,1786.0,OK
20240304144031-w018_20240304144031_flatboi,0.1819,2.9,0,0.0,6,5.22,5.27,6019.1,OK
20231005123336,0.9989,2.9,0,0.0,8,3.99,4.06,1060.1,OK
20260603024952-5753_-2,1.995,2.9,0,0.0,384,0.67,1.15,481.1,OK
20260603042357-5753_-3,2.0887,2.9,0,0.0,400,0.61,1.18,459.4,OK
20260603193311-5753_-1_copy,1.9566,2.9,0,0.0,354,0.61,1.14,498.8,OK
20260623154006-w085-088,0.4626,2.9,0,0.0,66,3.99,4.01,2109.8,OK
20260623154617-w089-091,0.0638,2.9,0,0.0,868,2.99,3.01,15162.0,OK
20260116230000-w035_2026011623_flatboi,0.3404,2.8,0,0.0,701,0.76,1.11,3156.1,OK
20260116230000-w035_2026011623_flatboi,0.8185,2.8,0,0.0,400,0.78,1.13,1315.2,OK
20250925222237-auto_grown_20250925222237459,2.7128,2.8,0,0.0,2,0.58,2.97,383.8,OK
20250502183421-auto_grown_20250502161744358,1.8443,2.8,0,0.0,2,0.46,0.87,456.8,OK
20250502183421-auto_grown_20250502161744358,1.705,2.8,0,0.0,10,0.41,0.94,462.3,OK
20250502184658-auto_grown_20250502163923577,1.6443,2.8,0,0.0,4,0.35,0.37,438.6,OK
20251115002748-auto_grown_20251115002740308_8_flatboi,0.5725,2.8,0,0.0,1214,2.93,2.97,1890.6,OK
20231016151002,2.1148,2.8,0,0.0,166,0.72,4.97,459.2,OK
20260603145540-5753_-4,2.1226,2.8,0,0.0,452,0.56,1.16,436.3,OK
20260623154617-w089-091,0.4426,2.8,0,0.0,128,2.99,3.01,2195.9,OK
20260623155240-w092-094,0.1313,2.8,0,0.0,660,2.99,3.01,7381.4,OK
20260623155240-w092-094,0.5254,2.8,0,0.0,202,2.99,3.01,1846.6,OK
20260623155914-w095-097,0.1278,2.8,0,0.0,586,2.99,3.01,7612.6,OK
20260623155914-w095-097,0.5111,2.8,0,0.0,160,2.99,3.01,1903.4,OK
20260623160554-w098-100,0.5002,2.8,0,0.0,158,2.99,3.01,1956.2,OK
20260623160554-w098-100,0.125,2.8,0,0.0,546,2.99,3.01,7823.2,OK
20260623161233-w101-103,0.491,2.8,0,0.0,194,2.99,3.01,2005.7,OK
20260623161233-w101-103,0.4911,2.8,0,0.0,192,2.99,3.01,2005.9,OK
20260623161921-w104-106,0.393,2.8,0,0.0,180,2.99,3.01,2523.9,OK
20260623161233-w101-103,0.1228,2.8,0,0.0,736,2.99,3.01,8022.7,OK
20260623155240-w092-094,0.0618,2.8,0,0.0,1416,2.99,3.01,15678.0,OK
20260623162614-w107-109,0.386,2.8,0,0.0,378,2.99,3.01,2583.1,OK
20260623161921-w104-106,0.1203,2.8,0,0.0,1026,2.99,3.01,8210.3,OK
20260623163339-w110-112,0.1161,2.8,0,0.0,1598,2.99,3.01,8602.7,OK
20260116230000-w035_2026011623_flatboi,0.8205,2.7,0,0.0,310,0.8,1.11,1315.4,OK
20260116230000-w035_2026011623_flatboi,0.2507,2.7,0,0.0,960,0.76,1.11,4301.2,OK
20260623155240-w092-094,0.4289,2.7,0,0.0,160,2.99,3.01,2271.6,OK
20260623155914-w095-097,0.4174,2.7,0,0.0,152,2.99,3.01,2341.5,OK
20260623160554-w098-100,0.4086,2.7,0,0.0,144,2.99,3.01,2406.3,OK
20260623161233-w101-103,0.4012,2.7,0,0.0,166,2.99,3.01,2466.4,OK
20260623161921-w104-106,0.4811,2.7,0,0.0,276,2.99,3.01,2053.2,OK
20260623161921-w104-106,0.4812,2.7,0,0.0,286,2.99,3.01,2052.9,OK
20260623162614-w107-109,0.4726,2.7,0,0.0,424,2.99,3.01,2102.3,OK
20260623163339-w110-112,2.2016,2.7,0,0.0,18,2.99,3.0,453.6,OK
20260623163339-w110-112,0.3792,2.7,0,0.0,424,2.99,3.01,2642.1,OK
20260623162614-w107-109,0.1182,2.7,0,0.0,1560,2.98,3.01,8407.6,OK
20260623163339-w110-112,0.4644,2.7,0,0.0,408,2.99,3.01,2151.0,OK
20260623164141-w113-115,2.1638,2.7,0,0.0,16,2.99,3.0,464.8,OK
20260623164141-w113-115,0.3723,2.7,0,0.0,350,2.99,3.0,2704.3,OK
20260623164141-w113-115,0.456,2.7,0,0.0,420,2.99,3.0,2204.0,OK
20260623164141-w113-115,0.4561,2.7,0,0.0,414,2.99,3.0,2203.7,OK
20260623164141-w113-115,0.1141,2.7,0,0.0,1492,2.99,3.0,8813.8,OK
20260623164141-w113-115,0.0537,2.7,0,0.0,3262,2.86,3.0,18719.4,OK
20250925212701-auto_grown_20250925212701145,2.1262,2.6,0,0.0,0,0.47,1.16,469.0,OK
20251107110950-w064_20251107110950052_flatboi,0.4828,2.6,0,0.0,166,0.97,0.99,2243.3,OK
20251111151836-w069_20251111151836406_flatboi,0.4521,2.6,0,0.0,2106,0.96,1.0,2346.3,OK
20260603185441-5753_-6,2.271,2.6,0,0.0,476,0.45,1.12,390.2,OK
20260603190005-5753_-5,2.2221,2.6,0,0.0,512,0.5,1.13,413.5,OK
20260623164704-w116-117,0.3677,2.6,0,0.0,374,1.99,2.0,2761.3,OK
20260623164704-w116-117,2.1333,2.6,0,0.0,28,1.99,2.0,474.6,OK
20260623164704-w116-117,0.4504,2.6,0,0.0,406,1.99,2.0,2251.5,OK
20260623165230-w118-119,0.1114,2.6,0,0.0,1384,1.99,2.0,9156.0,OK
20260623164704-w116-117,0.053,2.6,0,0.0,3126,1.99,2.0,19129.0,OK
20260623165230-w118-119,0.4455,2.6,0,0.0,366,1.99,2.0,2289.3,OK
20260623164704-w116-117,0.1126,2.6,0,0.0,1490,1.99,2.0,9003.9,OK
20260623165742-w120-121,0.4399,2.6,0,0.0,386,2.0,2.0,2324.8,OK
20260623165230-w118-119,0.0524,2.6,0,0.0,3052,1.99,2.0,19443.9,OK
20260115160000-w034_2026011516_flatboi,0.8345,2.5,0,0.0,144,0.7,1.08,1299.2,OK
20251107110950-w064_20251107110950052_flatboi,0.4836,2.5,0,0.0,128,0.97,0.98,2242.3,OK
20251111151836-w069_20251111151836406_flatboi,0.4532,2.5,0,0.0,1920,0.96,0.99,2345.3,OK
20231005123336,0.997,2.5,0,0.0,4,3.99,4.04,1062.2,OK
20231005123336,0.3062,2.5,0,0.0,0,3.99,4.04,3457.8,OK
20260623161921-w104-106,2.282,2.5,0,0.0,6,2.99,3.01,433.2,OK
20260623162614-w107-109,2.2412,2.5,0,0.0,18,2.99,3.0,443.4,OK
20260623165230-w118-119,0.3637,2.5,0,0.0,318,1.99,2.0,2808.1,OK
20260623165230-w118-119,2.1113,2.5,0,0.0,38,1.99,2.0,482.7,OK
20260623165742-w120-121,2.0866,2.5,0,0.0,42,1.99,2.0,490.1,OK
20260623165742-w120-121,0.11,2.5,0,0.0,1502,1.99,2.0,9300.2,OK
20260115160000-w034_2026011516_flatboi,0.8358,2.4,0,0.0,82,0.69,1.08,1299.5,OK
20260115160000-w034_2026011516_flatboi,0.3473,2.4,0,0.0,168,0.68,1.08,3117.6,OK
20260115160000-w034_2026011516_flatboi,0.2555,2.4,0,0.0,230,0.68,1.08,4250.6,OK
20250925222237-auto_grown_20250925222237459,2.6259,2.4,0,0.0,0,0.71,3.01,383.1,OK
20260602204401-5753_-7,2.3839,2.4,0,0.0,382,0.38,1.0,357.8,OK
20260623155914-w095-097,2.4201,2.4,0,0.0,0,2.98,3.01,401.6,OK
20260623160554-w098-100,2.3711,2.4,0,0.0,2,2.99,3.01,412.7,OK
20260623161233-w101-103,2.3303,2.4,0,0.0,4,2.99,3.01,423.1,OK
20250917143559-w062_20250917143559205_flatboi,0.5102,2.3,0,0.0,10,0.93,0.95,2140.5,OK
20260604223808-20231210121321_v8,2.9124,2.3,0,0.0,7,0.22,0.22,182.4,WATCH
20260623154617-w089-091,2.5626,2.3,0,0.0,2,1.47,3.01,376.9,OK
20260623155240-w092-094,2.4844,2.3,0,0.0,2,2.86,3.01,389.7,OK
20260623165742-w120-121,0.359,2.3,0,0.0,312,1.99,2.0,2852.0,OK
20251223230000-w031_2025122323_flatboi,0.3753,2.2,0,0.0,120,1.07,1.11,2936.8,OK
20251223230000-w031_2025122323_flatboi,0.2759,2.2,0,0.0,182,1.07,1.11,3998.1,OK
20251223230000-w031_2025122323_flatboi,0.9022,2.2,0,0.0,100,1.08,1.12,1220.8,OK
20260105050000-w032_2026010505_flatboi,0.8756,2.2,0,0.0,158,1.06,1.1,1255.2,OK
20260105050000-w032_2026010505_flatboi,0.3635,2.2,0,0.0,376,1.06,1.1,3016.0,OK
20260105050000-w032_2026010505_flatboi,0.2676,2.2,0,0.0,512,1.06,1.1,4106.5,OK
20230929220926,0.9318,2.2,0,0.0,0,2.89,2.95,1149.2,OK
20230929220926,0.2862,2.2,0,0.0,0,2.88,2.95,3740.5,OK
20260602230115-20230702185753_v14,3.1254,2.2,0,0.0,43,0.15,0.16,171.3,WATCH
20251223230000-w031_2025122323_flatboi,0.9032,2.1,0,0.0,48,1.07,1.11,1221.7,OK
20251223230000-w031_2025122323_flatboi,0.1353,2.1,0,0.0,212,0.46,1.09,8191.2,OK
20260105050000-w032_2026010505_flatboi,0.1313,2.1,0,0.0,918,0.43,1.08,8427.3,OK
20260116230000-w035_2026011623_flatboi,0.1249,2.1,0,0.0,858,0.5,1.11,8820.9,OK
20250502205333-auto_grown_20250502181030065,2.5864,2.1,0,0.0,0,0.56,0.87,348.9,OK
20251115002746-auto_grown_20251115002740308_6_flatboi,0.6304,2.1,0,0.0,16,0.96,5.06,1720.9,OK
20251115002747-auto_grown_20251115002740308_7_flatboi,0.5998,2.1,0,0.0,1179,1.51,4.74,1802.2,OK
20251210142414-w059_20251210142414060_flatboi,0.5145,2.1,0,0.0,90,0.95,0.96,2084.1,OK
20251210153304-w058_20251210153304503_flatboi,0.5254,2.1,0,0.0,146,0.95,0.96,2043.9,OK
20251210153304-w058_20251210153304503_flatboi,0.5246,2.1,0,0.0,170,0.96,0.97,2045.6,OK
20260623154006-w085-088,2.6733,2.1,0,0.0,2,0.85,4.01,362.4,OK
20260115160000-w034_2026011516_flatboi,0.1274,2.0,0,0.0,406,0.41,1.06,8721.6,OK
20251107175958-w061_20251107175958270_flatboi,0.5346,2.0,0,0.0,10,0.9,0.92,2052.5,OK
20251211152543-w053_20251211152543204_flatboi,0.5594,2.0,0,0.0,30,0.95,0.96,1935.6,OK
20260623153216-w081-084,2.79,2.0,0,0.0,0,0.81,4.0,345.9,OK
20260110010000-w033_2026011001_flatboi,0.8543,1.9,0,0.0,56,1.01,1.06,1291.2,OK
20250917143559-w062_20250917143559205_flatboi,0.5112,1.9,0,0.0,8,0.93,0.95,2138.7,OK
20251207123912-w060_20251207123912611_flatboi,0.5651,1.9,0,0.0,8,0.86,0.87,1930.9,OK
20251207123912-w060_20251207123912611_flatboi,0.5637,1.9,0,0.0,16,0.86,0.88,1932.6,OK
20251210142414-w059_20251210142414060_flatboi,0.5153,1.9,0,0.0,60,0.95,0.96,2082.7,OK
20251211095724-w056_20251211095724922_flatboi,0.5389,1.9,0,0.0,142,0.95,0.96,1996.8,OK
20251211095724-w056_20251211095724922_flatboi,0.5377,1.9,0,0.0,160,0.95,0.97,1997.9,OK
20251211111451-w055_20251211111451620_flatboi,0.545,1.9,0,0.0,126,0.95,0.97,1975.0,OK
20251211152543-w053_20251211152543204_flatboi,0.5607,1.9,0,0.0,6,0.95,0.96,1934.3,OK
20260623152443-w077-080,2.9403,1.9,0,0.0,0,0.77,4.0,329.4,OK
20240304161941-w023_20240304161941_flatboi,0.1529,1.8,0,0.0,0,4.0,4.58,7232.1,OK
20251220020000-w030_2025122002_flatboi,0.1401,1.8,0,0.0,230,0.49,1.17,7893.2,OK
20260110010000-w033_2026011001_flatboi,0.3551,1.8,0,0.0,98,1.01,1.05,3098.2,OK
20260110010000-w033_2026011001_flatboi,0.8544,1.8,0,0.0,46,1.01,1.05,1291.3,OK
20260110010000-w033_2026011001_flatboi,0.2612,1.8,0,0.0,132,1.01,1.05,4222.9,OK
20260110010000-w033_2026011001_flatboi,0.1275,1.8,0,0.0,94,0.38,1.02,8690.2,OK
20251107063327-w063_20251107063327215_flatboi,0.5023,1.8,0,0.0,26,0.94,0.96,2184.1,OK
20251107063327-w063_20251107063327215_flatboi,0.501,1.8,0,0.0,38,0.94,0.96,2185.5,OK
20251109232817-w065_20251109232817724_flatboi,0.4813,1.8,0,0.0,150,0.97,0.98,2259.1,OK
20251109232817-w065_20251109232817724_flatboi,0.4805,1.8,0,0.0,170,0.97,0.98,2260.0,OK
20251112163527-w071_20251112163527854_flatboi,0.4692,1.8,0,0.0,74,0.94,0.96,2338.0,OK
20251112163527-w071_20251112163527854_flatboi,0.4686,1.8,0,0.0,92,0.94,0.96,2339.8,OK
20251210160810-w057_20251210160810301_flatboi,0.5328,1.8,0,0.0,140,0.95,0.96,2019.9,OK
20251210160810-w057_20251210160810301_flatboi,0.5317,1.8,0,0.0,160,0.96,0.97,2021.0,OK
20251211111451-w055_20251211111451620_flatboi,0.5459,1.8,0,0.0,124,0.95,0.96,1973.6,OK
20251211135303-w054_20251211135303394_flatboi,0.5529,1.8,0,0.0,114,0.95,0.96,1953.5,OK
20251211135303-w054_20251211135303394_flatboi,0.5517,1.8,0,0.0,138,0.95,0.97,1954.6,OK
20251212105627-w052_20251212105627148_flatboi,0.5666,1.8,0,0.0,36,0.95,0.96,1912.1,OK
20260623151041-w069-072,3.2411,1.8,0,0.0,2,0.68,4.0,298.5,OK
20260623151729-w073-076,3.0867,1.8,0,0.0,8,0.71,4.01,313.9,OK
20251212185248-w029_20251212185248662_flatboi,0.1427,1.7,0,0.0,148,0.5,1.19,7689.8,OK
20251110135803-w067_20251110135803677_flatboi,0.4762,1.7,0,0.0,112,0.96,0.98,2290.6,OK
20251111210734-w070_20251111210734722_flatboi,0.4722,1.7,0,0.0,88,0.95,0.97,2328.5,OK
20251111210734-w070_20251111210734722_flatboi,0.4716,1.7,0,0.0,90,0.95,0.97,2329.8,OK
20251113130119-w073_20251113130119516_flatboi,0.4646,1.7,0,0.0,74,0.94,0.96,2367.1,OK
20251212105627-w052_20251212105627148_flatboi,0.5674,1.7,0,0.0,24,0.95,0.96,1911.1,OK
20260623150417-w064-068,3.4667,1.7,0,0.0,0,0.66,5.0,280.9,OK
20251208130119-w028_20251208130119156_flatboi,0.1477,1.6,0,0.0,60,0.56,1.22,7458.5,OK
20251110135803-w067_20251110135803677_flatboi,0.4773,1.6,0,0.0,88,0.96,0.98,2289.7,OK
20251111010954-w068_20251111010954408_flatboi,0.4753,1.6,0,0.0,98,0.96,0.97,2306.0,OK
20251111010954-w068_20251111010954408_flatboi,0.4741,1.6,0,0.0,116,0.96,0.98,2307.2,OK
20251113021010-w072_20251113021010674_flatboi,0.4668,1.6,0,0.0,78,0.94,0.96,2354.4,OK
20251113130119-w073_20251113130119516_flatboi,0.4654,1.6,0,0.0,60,0.94,0.96,2365.4,OK
20260623145652-w059-063,3.8532,1.6,0,0.0,4,0.68,4.99,259.8,OK
20251113021010-w072_20251113021010674_flatboi,0.4679,1.5,0,0.0,60,0.94,0.96,2352.9,OK
20251113152136-w074_20251113152136889_flatboi,0.4642,1.4,0,0.0,36,0.93,0.95,2377.1,OK
20251113204233-w075_20251113204233755_flatboi,0.4624,1.4,0,0.0,30,0.93,0.95,2388.9,OK
20251113152136-w074_20251113152136889_flatboi,0.4634,1.4,0,0.0,56,0.93,0.95,2379.0,OK
20251113204233-w075_20251113204233755_flatboi,0.4616,1.4,0,0.0,44,0.93,0.95,2390.5,OK
20260623141649-w053-058_jordi,4.1414,1.4,0,0.0,0,0.62,5.86,232.8,OK
20260623144957-w053-058,4.17,1.4,0,0.0,0,0.63,5.99,235.9,OK
20260623141135-w046-052_jordi,4.3463,1.3,0,0.0,0,0.54,0.82,209.1,OK
20260623144224-w046-052,4.4227,1.3,0,0.0,0,0.56,0.91,211.7,OK
